{
"DesignData": {
	"NumPlants": 2,
	"DesignMargins": 100
				},
"DesignType" : 1,
"PlantFrd" : {				
	"Sensor1" : [{
	"NumFreqs": 50,
				"Frequencies" : [0.0010 ,   0.0012  ,  0.0015 ,   0.0018  ,  0.0021 ,   0.0026  ,  0.0031,  
				0.0038 ,   0.0050  ,  0.0070  ,  0.0080  ,  0.0100  ,  0.0120 ,   0.0140, 
				0.0170 ,   0.0210 ,   0.0250  ,  0.0300  ,  0.0360 ,   0.0440 ,   0.0530,  
				0.0640  ,  0.0770 ,   0.0930 ,   0.1120  ,  0.1360 ,   0.1640,    0.1980,  
				0.2390  ,  0.2880 ,   0.3480 ,   0.4210  ,  0.5080 ,   0.6140  ,  0.7420,  
				0.8960 ,   1.0820  ,  1.3070 ,   1.5780  ,  1.9060 ,   2.3020,    2.7810,  
				3.3590 ,   4.0570],
				"FreqResponse":	{ "re":
										  [  
										-7.54786252959346 ,  -5.86105232291651 , 
										 -4.43180066878649,  -3.25094399741484 , 
										 -2.31341158228923,  -1.66086123544171 , 
										 -1.17768433178197,  -0.80892302606769 , 
										 -0.46514708045656,  -0.23928291833229 , 
										 -0.18432412390086,  -0.11752200164071 , 
										 -0.08143931488995,  -0.05965853923920 , 
										 -0.04060369930291,  -0.02674697232335 , 
										 -0.01893392539693,  -0.01310527262821 , 
										 -0.00909715528837,  -0.00604525939777 , 
										 -0.00414036757947,  -0.00284166999239 , 
										 -0.00194233884317,  -0.00134779487330 , 
										 -0.00094391425127,  -0.00068950568269 , 
										 -0.00052074289452,  -0.00041279162966 , 
										 -0.00034445226652,  -0.00022410776452 , 
										 -0.00009183317612,   0.00005310716187 , 
										  0.00009438962301,   0.00007523318305 , 
										  0.00001557489589,  -0.00000506281404 , 
										 -0.00000124329020,  -0.00000651435599 , 
										  0.00000010198326,   0.00000055283768 , 
										  0.00000055515091,   0.00000023685131 , 
										 -0.00000002577356,  -0.00000028699653 ]
						,
						 "im":
										  [  
										  - 5.46982055315533,  - 3.50147331069127, 
										  - 2.18755662058612,  - 1.32835518813575, 
										  - 0.75965611699444,  - 0.46403868337443, 
										  - 0.27514357453565,  - 0.15163261832061, 
										  - 0.06417664235898,  - 0.02134451638199, 
										  - 0.01373596323423,  - 0.00578300690467, 
										  - 0.00250431812118,  - 0.00103244507176, 
										  + 0.00012440851648,  + 0.00062842955768, 
										  + 0.00075307238264,  + 0.00079418019866, 
										  + 0.00069670088445,  + 0.00059411791313, 
										  + 0.00049630163591,  + 0.00040463003385, 
										  + 0.00032589209901,  + 0.00024246672940, 
										  + 0.00017332128797,  + 0.00011577514923, 
										  + 0.00010021893947,  + 0.00010695058969, 
										  + 0.00016150067882,  + 0.00023043466463, 
										  + 0.00024658658744,  + 0.00018880896300, 
										  + 0.00007976649166,  - 0.00001651823776, 
										  - 0.00003660383024,  - 0.00001408951896, 
										  - 0.00000179964259,  + 0.00000063575866, 
										  + 0.00000066389021,  - 0.00000115256577, 
										  - 0.00000079874640,  + 0.00000023123809, 
										  - 0.00000065371473,  + 0.00000005571730]
						 	}
 	},
 	
	{
		"NumFreqs": 50,
					"Frequencies" : [0.0010 ,   0.0012  ,  0.0015 ,   0.0018  ,  0.0021 ,   0.0026  ,  0.0031,  
					0.0038 ,   0.0050  ,  0.0070  ,  0.0080  ,  0.0100  ,  0.0120 ,   0.0140, 
					0.0170 ,   0.0210 ,   0.0250  ,  0.0300  ,  0.0360 ,   0.0440 ,   0.0530,  
					0.0640  ,  0.0770 ,   0.0930 ,   0.1120  ,  0.1360 ,   0.1640,    0.1980,  
					0.2390  ,  0.2880 ,   0.3480 ,   0.4210  ,  0.5080 ,   0.6140  ,  0.7420,  
					0.8960 ,   1.0820  ,  1.3070 ,   1.5780  ,  1.9060 ,   2.3020,    2.7810,  
					3.3590 ,   4.0570],
					"FreqResponse":	{ "re":
											  [  
											-7.54786252959346 ,  -5.86105232291651 , 
											 -4.43180066878649,  -3.25094399741484 , 
											 -2.31341158228923,  -1.66086123544171 , 
											 -1.17768433178197,  -0.80892302606769 , 
											 -0.46514708045656,  -0.23928291833229 , 
											 -0.18432412390086,  -0.11752200164071 , 
											 -0.08143931488995,  -0.05965853923920 , 
											 -0.04060369930291,  -0.02674697232335 , 
											 -0.01893392539693,  -0.01310527262821 , 
											 -0.00909715528837,  -0.00604525939777 , 
											 -0.00414036757947,  -0.00284166999239 , 
											 -0.00194233884317,  -0.00134779487330 , 
											 -0.00094391425127,  -0.00068950568269 , 
											 -0.00052074289452,  -0.00041279162966 , 
											 -0.00034445226652,  -0.00022410776452 , 
											 -0.00009183317612,   0.00005310716187 , 
											  0.00009438962301,   0.00007523318305 , 
											  0.00001557489589,  -0.00000506281404 , 
											 -0.00000124329020,  -0.00000651435599 , 
											  0.00000010198326,   0.00000055283768 , 
											  0.00000055515091,   0.00000023685131 , 
											 -0.00000002577356,  -0.00000028699653 ]
							,
							 "im":
											  [  
											  - 5.46982055315533,  - 3.50147331069127, 
											  - 2.18755662058612,  - 1.32835518813575, 
											  - 0.75965611699444,  - 0.46403868337443, 
											  - 0.27514357453565,  - 0.15163261832061, 
											  - 0.06417664235898,  - 0.02134451638199, 
											  - 0.01373596323423,  - 0.00578300690467, 
											  - 0.00250431812118,  - 0.00103244507176, 
											  + 0.00012440851648,  + 0.00062842955768, 
											  + 0.00075307238264,  + 0.00079418019866, 
											  + 0.00069670088445,  + 0.00059411791313, 
											  + 0.00049630163591,  + 0.00040463003385, 
											  + 0.00032589209901,  + 0.00024246672940, 
											  + 0.00017332128797,  + 0.00011577514923, 
											  + 0.00010021893947,  + 0.00010695058969, 
											  + 0.00016150067882,  + 0.00023043466463, 
											  + 0.00024658658744,  + 0.00018880896300, 
											  + 0.00007976649166,  - 0.00001651823776, 
											  - 0.00003660383024,  - 0.00001408951896, 
											  - 0.00000179964259,  + 0.00000063575866, 
											  + 0.00000066389021,  - 0.00000115256577, 
											  - 0.00000079874640,  + 0.00000023123809, 
											  - 0.00000065371473,  + 0.00000005571730]
						 		}
 		} 	
 	
 	
 	],
	"Sensor2" : [{
	"NumFreqs": 50,
				"Frequencies" : [0.0010 ,   0.0012  ,  0.0015 ,   0.0018  ,  0.0021 ,   0.0026  ,  0.0031,  
				0.0038 ,   0.0050  ,  0.0070  ,  0.0080  ,  0.0100  ,  0.0120 ,   0.0140, 
				0.0170 ,   0.0210 ,   0.0250  ,  0.0300  ,  0.0360 ,   0.0440 ,   0.0530,  
				0.0640  ,  0.0770 ,   0.0930 ,   0.1120  ,  0.1360 ,   0.1640,    0.1980,  
				0.2390  ,  0.2880 ,   0.3480 ,   0.4210  ,  0.5080 ,   0.6140  ,  0.7420,  
				0.8960 ,   1.0820  ,  1.3070 ,   1.5780  ,  1.9060 ,   2.3020,    2.7810,  
				3.3590 ,   4.0570],